<?xml version="1.0" encoding="UTF-8"?>
<!DOCTYPE hibernate-configuration PUBLIC
	"-//Hibernate/Hibernate Configuration DTD 3.0//EN"
	"http://www.hibernate.org/dtd/hibernate-configuration-3.0.dtd">
<hibernate-configuration>
	<session-factory>
	
		<!-- Database connection properties - Driver, URL, user, password -->
		<property name="hibernate.connection.driver_class">oracle.jdbc.driver.OracleDriver</property>
		<property name="hibernate.connection.url">jdbc:oracle:thin:@admin28:1522:orcl</property>
		<property name="hibernate.connection.username">system</property>
		<property name="hibernate.connection.password">system</property>
		<!-- Connection Pool Size -->
		<property name="hibernate.connection.pool_size">10</property>
		
		<!-- org.hibernate.HibernateException: No CurrentSessionContext configured! -->
		<property name="hibernate.current_session_context_class">thread</property>
		
		<!-- Outputs the SQL queries, should be disabled in Production -->
		<property name="hibernate.show_sql">true</property>
		<property name="hibernate.hbm2ddl.auto">update</property>
		
		<!-- Dialect is required to let Hibernate know the Database Type, MySQL, Oracle etc
			Hibernate 4 automatically figure out Dialect from Database Connection Metadata -->
		<property name="hibernate.dialect">org.hibernate.dialect.OracleDialect</property> 

		<!-- mapping file, we can use Bean  too --> 
		<mapping class="com.hibernate.model.Employee"/>
		<mapping class="com.hibernate.model.TemporaryEmployee"/>
		<mapping class="com.hibernate.model.PermanentEmployee"/>
	</session-factory>
</hibernate-configuration>






